pair,A,B,status,reason
APT-ATOM,APT,ATOM,BLOCKED_SOL_TRIANGLE,MR9 L002: APT-ATOM = (APT-SOL) - (ATOM-SOL) = K683(APT-SOL) - K684(ATOM-SOL). Algebraically redundant.
APT-AVAX,APT,AVAX,BLOCKED_SOL_TRIANGLE,MR9 L002: APT-AVAX = (APT-SOL) - (AVAX-SOL) = K683(APT-SOL) - K687(AVAX-SOL). Algebraically redundant.
APT-BNB,APT,BNB,BLOCKED_SOL_TRIANGLE,MR9 L002: APT-BNB = (APT-SOL) - (BNB-SOL) = K683(APT-SOL) - K700(BNB-SOL). Algebraically redundant.
APT-ENA,APT,ENA,BLOCKED_SOL_TRIANGLE,MR9 L002: APT-ENA = (APT-SOL) - (ENA-SOL) = K683(APT-SOL) - K696(ENA-SOL). Algebraically redundant.
APT-FIL,APT,FIL,BLOCKED_SOL_TRIANGLE,MR9 L002: APT-FIL = (APT-SOL) - (FIL-SOL) = K683(APT-SOL) - K739(FIL-SOL). Algebraically redundant.
APT-HBAR,APT,HBAR,BLOCKED_SOL_TRIANGLE,MR9 L002: APT-HBAR = (APT-SOL) - (HBAR-SOL) = K683(APT-SOL) - K735(HBAR-SOL). Algebraically redundant.
APT-INJ,APT,INJ,BLOCKED_SOL_TRIANGLE,MR9 L002: APT-INJ = (APT-SOL) - (INJ-SOL) = K683(APT-SOL) - K686(SOL-INJ). Algebraically redundant.
APT-LDO,APT,LDO,BLOCKED_SOL_TRIANGLE,MR9 L002: APT-LDO = (APT-SOL) - (LDO-SOL) = K683(APT-SOL) - K721(LDO-SOL). Algebraically redundant.
APT-SEI,APT,SEI,BLOCKED_SOL_TRIANGLE,MR9 L002: APT-SEI = (APT-SOL) - (SEI-SOL) = K683(APT-SOL) - K689(SEI-SOL). Algebraically redundant.
APT-SOL,APT,SOL,ACCEPT,Family member (accepted pair)
APT-TIA,APT,TIA,BLOCKED_SOL_TRIANGLE,MR9 L002: APT-TIA = (APT-SOL) - (TIA-SOL) = K683(APT-SOL) - K694(TIA-SOL). Algebraically redundant.
ATOM-AVAX,ATOM,AVAX,BLOCKED_SOL_TRIANGLE,MR9 L002: ATOM-AVAX = (ATOM-SOL) - (AVAX-SOL) = K684(ATOM-SOL) - K687(AVAX-SOL). Algebraically redundant.
ATOM-BNB,ATOM,BNB,BLOCKED_SOL_TRIANGLE,MR9 L002: ATOM-BNB = (ATOM-SOL) - (BNB-SOL) = K684(ATOM-SOL) - K700(BNB-SOL). Algebraically redundant.
ATOM-ENA,ATOM,ENA,ACCEPT,Family member (accepted pair)
ATOM-FIL,ATOM,FIL,BLOCKED_SOL_TRIANGLE,MR9 L002: ATOM-FIL = (ATOM-SOL) - (FIL-SOL) = K684(ATOM-SOL) - K739(FIL-SOL). Algebraically redundant.
ATOM-HBAR,ATOM,HBAR,BLOCKED_SOL_TRIANGLE,MR9 L002: ATOM-HBAR = (ATOM-SOL) - (HBAR-SOL) = K684(ATOM-SOL) - K735(HBAR-SOL). Algebraically redundant.
ATOM-INJ,ATOM,INJ,ACCEPT,Family member (accepted pair)
ATOM-LDO,ATOM,LDO,BLOCKED_SOL_TRIANGLE,MR9 L002: ATOM-LDO = (ATOM-SOL) - (LDO-SOL) = K684(ATOM-SOL) - K721(LDO-SOL). Algebraically redundant.
ATOM-SEI,ATOM,SEI,BLOCKED_SOL_TRIANGLE,MR9 L002: ATOM-SEI = (ATOM-SOL) - (SEI-SOL) = K684(ATOM-SOL) - K689(SEI-SOL). Algebraically redundant.
ATOM-SOL,ATOM,SOL,ACCEPT,Family member (accepted pair)
ATOM-TIA,ATOM,TIA,BLOCKED_SOL_TRIANGLE,MR9 L002: ATOM-TIA = (ATOM-SOL) - (TIA-SOL) = K684(ATOM-SOL) - K694(TIA-SOL). Algebraically redundant.
AVAX-BNB,AVAX,BNB,BLOCKED_SOL_TRIANGLE,MR9 L002: AVAX-BNB = (AVAX-SOL) - (BNB-SOL) = K687(AVAX-SOL) - K700(BNB-SOL). Algebraically redundant.
AVAX-ENA,AVAX,ENA,BLOCKED_SOL_TRIANGLE,MR9 L002: AVAX-ENA = (AVAX-SOL) - (ENA-SOL) = K687(AVAX-SOL) - K696(ENA-SOL). Algebraically redundant.
AVAX-FIL,AVAX,FIL,BLOCKED_SOL_TRIANGLE,MR9 L002: AVAX-FIL = (AVAX-SOL) - (FIL-SOL) = K687(AVAX-SOL) - K739(FIL-SOL). Algebraically redundant.
AVAX-HBAR,AVAX,HBAR,BLOCKED_SOL_TRIANGLE,MR9 L002: AVAX-HBAR = (AVAX-SOL) - (HBAR-SOL) = K687(AVAX-SOL) - K735(HBAR-SOL). Algebraically redundant.
AVAX-INJ,AVAX,INJ,REJECT_K740,K740 INJ-AVAX: G5c AVAX saturation corr=0.5514 >= 0.40
AVAX-LDO,AVAX,LDO,BLOCKED_SOL_TRIANGLE,MR9 L002: AVAX-LDO = (AVAX-SOL) - (LDO-SOL) = K687(AVAX-SOL) - K721(LDO-SOL). Algebraically redundant.
AVAX-SEI,AVAX,SEI,BLOCKED_SOL_TRIANGLE,MR9 L002: AVAX-SEI = (AVAX-SOL) - (SEI-SOL) = K687(AVAX-SOL) - K689(SEI-SOL). Algebraically redundant.
AVAX-SOL,AVAX,SOL,ACCEPT,Family member (accepted pair)
AVAX-TIA,AVAX,TIA,ACCEPT,Family member (accepted pair)
BNB-ENA,BNB,ENA,BLOCKED_SOL_TRIANGLE,MR9 L002: BNB-ENA = (BNB-SOL) - (ENA-SOL) = K700(BNB-SOL) - K696(ENA-SOL). Algebraically redundant.
BNB-FIL,BNB,FIL,BLOCKED_SOL_TRIANGLE,MR9 L002: BNB-FIL = (BNB-SOL) - (FIL-SOL) = K700(BNB-SOL) - K739(FIL-SOL). Algebraically redundant.
BNB-HBAR,BNB,HBAR,BLOCKED_SOL_TRIANGLE,MR9 L002: BNB-HBAR = (BNB-SOL) - (HBAR-SOL) = K700(BNB-SOL) - K735(HBAR-SOL). Algebraically redundant.
BNB-INJ,BNB,INJ,BLOCKED_SOL_TRIANGLE,MR9 L002: BNB-INJ = (BNB-SOL) - (INJ-SOL) = K700(BNB-SOL) - K686(SOL-INJ). Algebraically redundant.
BNB-LDO,BNB,LDO,BLOCKED_SOL_TRIANGLE,MR9 L002: BNB-LDO = (BNB-SOL) - (LDO-SOL) = K700(BNB-SOL) - K721(LDO-SOL). Algebraically redundant.
BNB-SEI,BNB,SEI,BLOCKED_SOL_TRIANGLE,MR9 L002: BNB-SEI = (BNB-SOL) - (SEI-SOL) = K700(BNB-SOL) - K689(SEI-SOL). Algebraically redundant.
BNB-SOL,BNB,SOL,ACCEPT,Family member (accepted pair)
BNB-TIA,BNB,TIA,BLOCKED_SOL_TRIANGLE,MR9 L002: BNB-TIA = (BNB-SOL) - (TIA-SOL) = K700(BNB-SOL) - K694(TIA-SOL). Algebraically redundant.
ENA-FIL,ENA,FIL,BLOCKED_SOL_TRIANGLE,MR9 L002: ENA-FIL = (ENA-SOL) - (FIL-SOL) = K696(ENA-SOL) - K739(FIL-SOL). Algebraically redundant.
ENA-HBAR,ENA,HBAR,BLOCKED_SOL_TRIANGLE,MR9 L002: ENA-HBAR = (ENA-SOL) - (HBAR-SOL) = K696(ENA-SOL) - K735(HBAR-SOL). Algebraically redundant.
ENA-INJ,ENA,INJ,BLOCKED_SOL_TRIANGLE,MR9 L002: ENA-INJ = (ENA-SOL) - (INJ-SOL) = K696(ENA-SOL) - K686(SOL-INJ). Algebraically redundant.
ENA-LDO,ENA,LDO,BLOCKED_SOL_TRIANGLE,MR9 L002: ENA-LDO = (ENA-SOL) - (LDO-SOL) = K696(ENA-SOL) - K721(LDO-SOL). Algebraically redundant.
ENA-SEI,ENA,SEI,BLOCKED_SOL_TRIANGLE,MR9 L002: ENA-SEI = (ENA-SOL) - (SEI-SOL) = K696(ENA-SOL) - K689(SEI-SOL). Algebraically redundant.
ENA-SOL,ENA,SOL,ACCEPT,Family member (accepted pair)
ENA-TIA,ENA,TIA,BLOCKED_SOL_TRIANGLE,MR9 L002: ENA-TIA = (ENA-SOL) - (TIA-SOL) = K696(ENA-SOL) - K694(TIA-SOL). Algebraically redundant.
FIL-HBAR,FIL,HBAR,BLOCKED_SOL_TRIANGLE,MR9 L002: FIL-HBAR = (FIL-SOL) - (HBAR-SOL) = K739(FIL-SOL) - K735(HBAR-SOL). Algebraically redundant.
FIL-INJ,FIL,INJ,BLOCKED_SOL_TRIANGLE,MR9 L002: FIL-INJ = (FIL-SOL) - (INJ-SOL) = K739(FIL-SOL) - K686(SOL-INJ). Algebraically redundant.
FIL-LDO,FIL,LDO,BLOCKED_SOL_TRIANGLE,MR9 L002: FIL-LDO = (FIL-SOL) - (LDO-SOL) = K739(FIL-SOL) - K721(LDO-SOL). Algebraically redundant.
FIL-SEI,FIL,SEI,BLOCKED_SOL_TRIANGLE,MR9 L002: FIL-SEI = (FIL-SOL) - (SEI-SOL) = K739(FIL-SOL) - K689(SEI-SOL). Algebraically redundant.
FIL-SOL,FIL,SOL,ACCEPT,Family member (accepted pair)
FIL-TIA,FIL,TIA,BLOCKED_SOL_TRIANGLE,MR9 L002: FIL-TIA = (FIL-SOL) - (TIA-SOL) = K739(FIL-SOL) - K694(TIA-SOL). Algebraically redundant.
HBAR-INJ,HBAR,INJ,BLOCKED_SOL_TRIANGLE,MR9 L002: HBAR-INJ = (HBAR-SOL) - (INJ-SOL) = K735(HBAR-SOL) - K686(SOL-INJ). Algebraically redundant.
HBAR-LDO,HBAR,LDO,BLOCKED_SOL_TRIANGLE,MR9 L002: HBAR-LDO = (HBAR-SOL) - (LDO-SOL) = K735(HBAR-SOL) - K721(LDO-SOL). Algebraically redundant.
HBAR-SEI,HBAR,SEI,BLOCKED_SOL_TRIANGLE,MR9 L002: HBAR-SEI = (HBAR-SOL) - (SEI-SOL) = K735(HBAR-SOL) - K689(SEI-SOL). Algebraically redundant.
HBAR-SOL,HBAR,SOL,ACCEPT,Family member (accepted pair)
HBAR-TIA,HBAR,TIA,BLOCKED_SOL_TRIANGLE,MR9 L002: HBAR-TIA = (HBAR-SOL) - (TIA-SOL) = K735(HBAR-SOL) - K694(TIA-SOL). Algebraically redundant.
INJ-LDO,INJ,LDO,BLOCKED_SOL_TRIANGLE,MR9 L002: INJ-LDO = (INJ-SOL) - (LDO-SOL) = K686(SOL-INJ) - K721(LDO-SOL). Algebraically redundant.
INJ-SEI,INJ,SEI,BLOCKED_SOL_TRIANGLE,MR9 L002: INJ-SEI = (INJ-SOL) - (SEI-SOL) = K686(SOL-INJ) - K689(SEI-SOL). Algebraically redundant.
INJ-SOL,INJ,SOL,ACCEPT,Family member (accepted pair)
INJ-TIA,INJ,TIA,BLOCKED_SOL_TRIANGLE,MR9 L002: INJ-TIA = (INJ-SOL) - (TIA-SOL) = K686(SOL-INJ) - K694(TIA-SOL). Algebraically redundant.
LDO-SEI,LDO,SEI,BLOCKED_SOL_TRIANGLE,MR9 L002: LDO-SEI = (LDO-SOL) - (SEI-SOL) = K721(LDO-SOL) - K689(SEI-SOL). Algebraically redundant.
LDO-SOL,LDO,SOL,ACCEPT,Family member (accepted pair)
LDO-TIA,LDO,TIA,BLOCKED_SOL_TRIANGLE,MR9 L002: LDO-TIA = (LDO-SOL) - (TIA-SOL) = K721(LDO-SOL) - K694(TIA-SOL). Algebraically redundant.
SEI-SOL,SEI,SOL,ACCEPT,Family member (accepted pair)
SEI-TIA,SEI,TIA,BLOCKED_SOL_TRIANGLE,MR9 L002: SEI-TIA = (SEI-SOL) - (TIA-SOL) = K689(SEI-SOL) - K694(TIA-SOL). Algebraically redundant.
SOL-TIA,SOL,TIA,ACCEPT,Family member (accepted pair)
